id;modification_counter;branch_name;branch_head;manager;location;address
1;8749;bluetooth;Group;Representative hacking Plastic;Quetzal backing;interface
2;8270;open-source Tanzanian;attitude-oriented AI;envisioneer Books;Electronics;index strategy
3;65935;zero Monitored;Supervisor;Division policy;Verde Way;violet
4;40333;Games Wooden;Borders;connect;Berkshire Investment Berkshire;Dollar engineer Chief
5;43788;Dollar;driver Organized;Director Licensed;Account orchid;port compressing
6;83876;Borders;Vermont Well copying;Minnesota Kids virtual;Grass-roots;SMS
7;86531;Mayen Cambridgeshire;drive;Armenian Metrics;Checking redundant program;Mandatory collaborative
8;75474;matrix synthesize;microchip;index;invoice sticky;Orchestrator Legacy hour
9;78688;Congo copy Reduced;New;invoice;calculating;users New Sleek
10;99098;Frozen;User-centric;tolerance;Wooden;Wooden interfaces Loan
