id;modification_counter;employee_id;employee_name;sex;marital_status;date_of_birth;national_id_number;pan;blood_group;address;email;phone
1;38186;impactful orange;Associate;Sausages Bedfordshire French;Dynamic;2022-01-27;Brand reboot;encryption;Focused SAS Cambridgeshire;copy Analyst Marketing;Dakota.Muller@hotmail.com;(315) 990-2926
2;90580;next-generation Focused;Bacon Alaska;Group Lake uniform;Points navigating;2022-01-26;Wooden;South Prairie Pants;Utah Car invoice;Switzerland redundant Shirt;Nannie36@yahoo.com;722.974.5100
3;23266;Bedfordshire Arizona;Grocery Incredible Optional;ADP THX;Loan Montserrat withdrawal;2022-01-27;Gloves Unbranded;Road COM Micronesia;Pants methodologies Arkansas;programming panel;Octavia_OConnell13@hotmail.com;(678) 266-9976
4;94723;Loan;Cambridgeshire withdrawal Indiana;Unbranded parallelism conglomeration;robust Belize;2022-01-27;enhance;Metical Principal payment;Computer connecting Computer;definition zero;Chet21@hotmail.com;943-600-0130
5;54681;Jewelery;Antillian Automotive Shoes;Movies applications;Chair;2022-01-26;Music;system Steel bricks-and-clicks;local hardware Loan;array;Fernando.Crona@hotmail.com;(946) 712-6862
6;84024;Generic Mountains;indigo Terrace;Metal facilitate;Loaf Pants;2022-01-27;payment Auto Soft;Cove payment Steel;harness even-keeled programming;non-volatile withdrawal Dollar;Turner.Reichel@yahoo.com;665-287-9106 x6272
7;33350;Producer solution-oriented;website;Lodge;Handcrafted Account foreground;2022-01-26;testing Direct;global Knolls Licensed;Handcrafted grey matrices;Borders Ergonomic;Scottie.Harris77@gmail.com;505-974-5035
8;95446;calculate;24/365 Account vertical;up;invoice Estonia;2022-01-26;Generic;Wooden;Tactics Handmade override;leading-edge;Felix_Lueilwitz@hotmail.com;684.791.9629 x583
9;8044;generate Shoes models;Kwanza integrated;alarm 24/7;modular syndicate;2022-01-26;expedite;actuating plug-and-play;web black;networks PCI deposit;Sterling_Runolfsson@yahoo.com;247-211-2421
10;68277;Small Beauty;EXE auxiliary Research;Account Iran Borders;grey base Grass-roots;2022-01-27;Quality bus parsing;installation;Incredible leading Buckinghamshire;Caribbean synthesizing tangible;Santino.Durgan13@gmail.com;(808) 893-4116 x10905
