id;modification_counter;locale;date_format;time_format;financial_start;financial_end
1;70153;Gorgeous Enhanced Ecuador;haptic customized;AI;systemic;SSL Borders
2;36180;Re-engineered Account Strategist;Savings Liaison;Configuration;task-force IB;Hawaii Electronics
3;81494;Executive indexing COM;Consultant Senior Soft;function;South upward-trending;Reunion
4;91881;Account;protocol Investment;Sleek;rich deposit;payment overriding
5;42743;connecting;withdrawal 24/365 Alabama;toolset;incubate optical open-source;matrix Accounts invoice
6;52236;Account RSS;Flats gold;array Ball whiteboard;Shoes;Ruble
7;48228;Concrete Cote connecting;bypassing synergies Bike;Security Market Customizable;Unbranded Metal Visionary;Oregon
8;82282;Synergized platforms deposit;invoice capacitor;Nevada;Virtual;salmon
9;90017;Iraq Florida Small;Car Electronics;e-enable;monitor Designer Spain;Intranet
10;95050;Account;multi-byte;override Administrator Ruble;aggregate;Ergonomic
