id;modification_counter;org_name;email;phone;location;address;logo;default_org
1;41799;withdrawal Multi-tiered Markets;Floy.Becker85@gmail.com;283.895.6421 x8445;Human Brook;Bike;Granite Associate Oklahoma;false
2;54798;Garden encryption Liberia;Emma_Adams97@yahoo.com;(643) 501-1869;invoice;Buckinghamshire mindshare Account;Soft Saint;false
3;3542;withdrawal Movies Mountain;Forrest.Pouros@yahoo.com;705.234.7699 x293;Nevada SQL;Movies;Soft connecting;false
4;38268;help-desk Pizza;Adella.Bruen@gmail.com;634-392-3646;envisioneer Fresh Multi-layered;Intelligent Architect AI;azure sensor;false
5;87118;Shirt;Gregory87@hotmail.com;1-763-727-3210 x453;Hawaii partnerships Minnesota;Licensed District Cape;Fantastic magenta primary;false
6;83704;Dong;Laurie69@yahoo.com;1-951-690-6179 x40032;Roads;deposit;Berkshire;true
7;4492;Mobility;Julien_Reichel@yahoo.com;1-379-670-4978 x88066;program portals;calculating supply-chains Program;ADP;false
8;28057;New Director;Johnnie_Torp@gmail.com;805-586-9046 x315;Namibia;Mobility directional withdrawal;Harbors protocol;true
9;34215;Garden Michigan;Lukas.Schmidt@gmail.com;366-876-4750;Avon;Awesome Unbranded;Jersey;false
10;5777;end-to-end Engineer;Sadye_Torphy11@hotmail.com;559.265.2966 x82018;Quality-focused;Triple-buffered;Honduras mint;true
